language,name,description,category,students,instructor,link
English,Movavi Video Editor Guide - Video Editing for Beginners,Learn Movavi Video Editor basics and how to use Movavi Video Editor for any type of Video Editing,Photography & Video,Undefined,Nick Nyxson,https://click.linksynergy.com/deeplink?id=AVS0Ru3Qe18&mid=47901&murl=https://www.udemy.com/course/movavivideoeditor/?couponCode=2965A2DC9FBAB12BC842
English,Big Data Programming Languages & Big Data Vs Data Science,"Big Data Programming Languages,Skills to become a Big Data Professional,Differences between Big Data & Data Science",Development,Undefined,Lalitha Audikesavan,https://click.linksynergy.com/deeplink?id=AVS0Ru3Qe18&mid=47901&murl=https://www.udemy.com/course/big-data-programming-languages-big-data-vs-data-science/?couponCode=9B63E02A38C75D26A3AA
English,"Hands-On SQL Server,ManagementStudio,SQL Queries,AzureStudio","Detailed Course with Hands-On Practical Lab Sessions-SQL Server,Writing SQL Queries,Management Studio& Azure Data Studio",IT & Software,Undefined,Lalitha Audikesavan,https://click.linksynergy.com/deeplink?id=AVS0Ru3Qe18&mid=47901&murl=https://www.udemy.com/course/hands-on-sql-servermanagementstudiosql-queriesazurestudio/?couponCode=6859D7A9172AAA4C0612
English,Essential Lightroom Course for Beginner to Advanced,Learn Photo Editing by Adobe Lightroom,Design,Undefined,"Ben Kemp, Zechariah Tech",https://click.linksynergy.com/deeplink?id=AVS0Ru3Qe18&mid=47901&murl=https://www.udemy.com/course/essential-lightroom-course-for-beginner-to-advanced/?couponCode=D36610319EFF1847569F
English,Advanced Microsoft Word With Job Success,"Beginner to Expert Level - Fundamentals, Copy Cut, Paste, Font Design, Typography, Cases, Indent, Alignment, Paragraph",Office Productivity,Undefined,"Marcus Menti, Zechariah Tech",https://click.linksynergy.com/deeplink?id=AVS0Ru3Qe18&mid=47901&murl=https://www.udemy.com/course/advanced-microsoft-word-with-job-success/?couponCode=517804DF409F59CE78DB
English,Adobe Photoshop CC Fundamentals and Essentials Training,"Learn Photoshop Layer, Image Color Adjustment, Correction, Fixing, Retouching, Text Style, Shape, Symbol, Content Aware",Design,Undefined,Stephen Koel Soren,https://click.linksynergy.com/deeplink?id=AVS0Ru3Qe18&mid=47901&murl=https://www.udemy.com/course/adobe-photoshop-cc-principal-essential-course-for-beginners/?couponCode=3F658D95D36797DC4B9E
English,Learn FIVE (5) Computer Programming Languages in ONE COURSE,"Learn All Computer Programming Languages with Examples, Exercises, Assignments etc. (Python, JS, C#, PHP, C++)",Development,Undefined,"Faisal Zamir, Jafri Code, Pro Python Support",https://click.linksynergy.com/deeplink?id=AVS0Ru3Qe18&mid=47901&murl=https://www.udemy.com/course/learn-five-5-computer-programming-languages-in-one-course/?couponCode=1A1A4A6DF9B49063607A
English,01 Day C Code | Learn C Programming with Examples in One Day,100% C Programming Bootcamp | Learn C Programming Language with Examples | Become C Programmer in ONE Day,Development,Undefined,"Faisal Zamir, Jafri Code",https://click.linksynergy.com/deeplink?id=AVS0Ru3Qe18&mid=47901&murl=https://www.udemy.com/course/01-day-c-code-learn-c-programming-with-examples-in-one-day/?couponCode=022D286E072EA7ECD6A3
English,Gatsby JS | Build a personal blog using gatsbyJS,Learn Gatsby JS and GraphQL to increase your knowledge in modern web development.,Development,Undefined,Tech Vista,https://click.linksynergy.com/deeplink?id=AVS0Ru3Qe18&mid=47901&murl=https://www.udemy.com/course/gatsbyjs-graphql-build-a-personal-blog-using-gatsbyjs-graphql/?couponCode=FEB_2024
English,Exam DP-900 Microsoft Azure Data Fundamentals Practice Exams,Conquer Exam DP-900: Ace Microsoft Azure Data Fundamentals with Practice Tests - Master Cloud Data Concepts!,IT & Software,Undefined,Paweł Krakowiak,https://click.linksynergy.com/deeplink?id=AVS0Ru3Qe18&mid=47901&murl=https://www.udemy.com/course/exam-dp-900-microsoft-azure-data-fundamentals-practice-tests-p/?couponCode=FREEDROP4
English,PCAP - Certified Associate in Python Programming - Exams,Excel in the PCAP - Certified Associate in Python Programming - Validate Your Proficiency and Ignite Your Career!,IT & Software,Undefined,Paweł Krakowiak,https://click.linksynergy.com/deeplink?id=AVS0Ru3Qe18&mid=47901&murl=https://www.udemy.com/course/pcap-certified-associate-in-python-programming-exams/?couponCode=FREEDROP4
English,"Data Analytics,Storage,Mining & Visual Big Data Technologies","Data Analytics, Data Storage, Data Mining and Data Visualization Big Data Technologies",IT & Software,Undefined,Lalitha Audikesavan,https://click.linksynergy.com/deeplink?id=AVS0Ru3Qe18&mid=47901&murl=https://www.udemy.com/course/different-technologies-in-big-data/?couponCode=9142920BA0516C585ABC
English,Exam AZ-900: Microsoft Azure Fundamentals Practice Exams,Excel in Exam AZ-900: Master Microsoft Azure Fundamentals with Rigorous Practice Tests - Validate Your Cloud Knowledge!,IT & Software,Undefined,Paweł Krakowiak,https://click.linksynergy.com/deeplink?id=AVS0Ru3Qe18&mid=47901&murl=https://www.udemy.com/course/exam-az-900-microsoft-azure-fundamentals-practice-tests-v/?couponCode=FREEDROP4
English,C++ Coding | Learn C++ Programming with Examples in One Day,C++ Bootcamp | Complete Learning C++ Programming with Examples in One Day in Three Sessions | Moring | Afternoon | Night,Development,Undefined,"Faisal Zamir, Jafri Code",https://click.linksynergy.com/deeplink?id=AVS0Ru3Qe18&mid=47901&murl=https://www.udemy.com/course/c-coding-learn-c-programming-with-examples-in-one-day/?couponCode=B0B3ADB454196BBD6115
English,AWS Certified Cloud Practitioner - Practice Exams,Master the AWS Certified Cloud Practitioner Exam - Validate Your Cloud Skills and Unlock New Career Opportunities!,IT & Software,Undefined,Paweł Krakowiak,https://click.linksynergy.com/deeplink?id=AVS0Ru3Qe18&mid=47901&murl=https://www.udemy.com/course/aws-certified-cloud-practitioner-practice-exams-2023-u/?couponCode=FREEDROP4
English,Learn Big Data Basics,"Big Data Concepts,History & Jobs in Big Data,Types,Characteristics,Categories,Frameworks,Programming languages,Paradigms",IT & Software,Undefined,Lalitha Audikesavan,https://click.linksynergy.com/deeplink?id=AVS0Ru3Qe18&mid=47901&murl=https://www.udemy.com/course/learn-big-data-basics/?couponCode=CA65C0834D35F4975FF0
English,Beginner Guide to Learn T-Shirt Design With Photoshop,Photoshop for T-Shirt Design: A Beginner-Friendly Guide to Creating Stunning Designs,Design,Undefined,Learnify IT,https://click.linksynergy.com/deeplink?id=AVS0Ru3Qe18&mid=47901&murl=https://www.udemy.com/course/beginner-guide-to-learn-t-shirt-design-with-photoshop/?couponCode=C2ADD4B75B45E18A1F57
English,The Complete Introduction into Digital Advertising: All in 1,"Google Ads, YouTube Ads, Gmail Ads, Bing Ads, Facebook Ads, Instagram Ads, Messenger Ads, LinkedIn Ads, Retargeting, SEO",Marketing,Undefined,"Ing. Tomas Moravek, Learn Digital Advertising",https://click.linksynergy.com/deeplink?id=AVS0Ru3Qe18&mid=47901&murl=https://www.udemy.com/course/the-complete-introduction-into-digital-advertising/?couponCode=HAPPYWOODDRAGON1
English,How to Make Money Online for Beginners: Follow PROVEN STEPS!,Learn How to Make Money Online Starting without ANY Prior Experience!,Marketing,Undefined,Roope Kiuttu,https://click.linksynergy.com/deeplink?id=AVS0Ru3Qe18&mid=47901&murl=https://www.udemy.com/course/make-money-online-for-beginners/?couponCode=B0B1416621F5ABC65405
English,"Talent Acquisition: HR Planning, Recruiting and Onboarding","Talent Acquisition: Planning workforce, Recruiting and Onboarding, Talent Management, HR Management by MTF Institute",Business,Undefined,"MTF Institute of Management, Technology and Finance",https://click.linksynergy.com/deeplink?id=AVS0Ru3Qe18&mid=47901&murl=https://www.udemy.com/course/talent-acquisition-hr-planning-recruiting-and-onboarding/?couponCode=F39389FF9B53BECFDCC5
English,TikTok Marketing. How to promote your business effectively!,Step-by-step guide for beginners on how to get started on TikTok. Life hacks on how to promote on TikTok successfully!,Marketing,Undefined,"Anton Voroniuk, Daria Salnikova, Anton Voroniuk Support",https://click.linksynergy.com/deeplink?id=AVS0Ru3Qe18&mid=47901&murl=https://www.udemy.com/course/tiktok-marketing-course-for-beginners/?couponCode=TM1902
English,Enhance Lightroom Editing with the Luminar Neo Plugin,Start With Adobe Lightroom Classic Photo Editing and Empower Your First Masterpieces With the Luminar Neo Plugin,Photography & Video,Undefined,"Skylum Academy, Anton Voroniuk",https://click.linksynergy.com/deeplink?id=AVS0Ru3Qe18&mid=47901&murl=https://www.udemy.com/course/enhance-lightroom-editing-with-the-luminar-neo-plugin/?couponCode=EL1902
English,Instagram Marketing. How to Promote Your Business!,"Hands-on guide on how to promote your project on Instagram, create engaging content, increase followers and boost sales!",Marketing,Undefined,"Anton Voroniuk, Vlad Bogutskiy, Anton Voroniuk Support",https://click.linksynergy.com/deeplink?id=AVS0Ru3Qe18&mid=47901&murl=https://www.udemy.com/course/instagram-marketing-practical-course/?couponCode=IM1902
English,MS Word - Microsoft Word Course Beginner to Expert 2024,"Beginner to Expert Level - Fundamentals, Copy Cut, Paste, Font Design, Typography, Cases, Indent, Alignment, Paragraph",IT & Software,Undefined,Stephen Koel Soren,https://click.linksynergy.com/deeplink?id=AVS0Ru3Qe18&mid=47901&murl=https://www.udemy.com/course/ms-word-for-novice/?couponCode=8B321968320453875C7A
English,Unveiling Organizational Behaviour Fundamentals,Fundamentals of Organizational Behaviour,Business,Undefined,Rohit Bansal,https://click.linksynergy.com/deeplink?id=AVS0Ru3Qe18&mid=47901&murl=https://www.udemy.com/course/unveiling-organizational-behaviour-fundamentals/?couponCode=2FBB2B3E9C33C6847E94
English,Complete Search Engine Optimisation (SEO) & ChatGPT Course,"Search Engine Optimisation: SEO, Local SEO, WordPress Website Creation, Content Marketing, ChatGPT, GA4 and Copywriting.",Marketing,Undefined,"Ing. Tomas Moravek, Learn Digital Advertising",https://click.linksynergy.com/deeplink?id=AVS0Ru3Qe18&mid=47901&murl=https://www.udemy.com/course/search-engine-optimization-training-chatgpt-gemini-ai/?couponCode=HAPPYWOODDRAGON1
English,Excellence in Problem Solving and Critical Thinking Skills,"Best of KT courses for developing high performing management teams, leadership team ; Leader Training assignments",Personal Development,Undefined,"Arun Singhal B-Tech, MBA (IIM-B),Unilever, J&J, Danone, IIMU, Cello",https://click.linksynergy.com/deeplink?id=AVS0Ru3Qe18&mid=47901&murl=https://www.udemy.com/course/excellence-in-problem-solving/?couponCode=D92706C41902D9293D66
English,How to make right career choices & choosing one for success,Rational Decision Making Process; Consultancy session for advice with a Ex IIM Counselor & Coach for career development,Personal Development,Undefined,"Arun Singhal B-Tech, MBA (IIM-B),Unilever, J&J, Danone, IIMU, Cello",https://click.linksynergy.com/deeplink?id=AVS0Ru3Qe18&mid=47901&murl=https://www.udemy.com/course/learn-in-69-mins-how-to-make-right-career-choices/?couponCode=74C2E67490BFDF46C57F
English,Fundamentals of Financial Services,Understanding key elements and basic workings of the Financial Services Industry (useful for exams as well),Finance & Accounting,Undefined,"Baba Oyewole, Timothy Oyewole",https://click.linksynergy.com/deeplink?id=AVS0Ru3Qe18&mid=47901&murl=https://www.udemy.com/course/fundamentals-of-financial-services/?couponCode=FUNDAMENTALSFS39
English,Professional Diploma in Advertising & Advertising Management,Professional Diploma in Advertising and Advertising Management by MTF Institute,Marketing,Undefined,"MTF Institute of Management, Technology and Finance",https://click.linksynergy.com/deeplink?id=AVS0Ru3Qe18&mid=47901&murl=https://www.udemy.com/course/professional-diploma-in-advertising-management/?couponCode=2F719B752D29CB709A8D
English,Oracle Primavera P6: Your First Lesson!,Master Primavera P6 Project Scheduling Basic Features! Gain Big Picture and Unlock Commonly used Primavera P6 Functions,Business,Undefined,Basharat Bhatti,https://click.linksynergy.com/deeplink?id=AVS0Ru3Qe18&mid=47901&murl=https://www.udemy.com/course/primavera-p6-training-for-beginners/?couponCode=45644F9A07DFFF9E2909
English,Master in Product & Prototype Design Development Engineering,Industrial Product Design Development Engineering online certificate courses; J&J GE Design Excellence; Design Thinking,Business,Undefined,"Arun Singhal B-Tech, MBA (IIM-B),Unilever, J&J, Danone, IIMU, Cello",https://click.linksynergy.com/deeplink?id=AVS0Ru3Qe18&mid=47901&murl=https://www.udemy.com/course/learn-and-develop-winning-prototypes/?couponCode=B5C218F5AFBFF99318A4
English,"JUnit 5, Mockito, PowerMock, TDD, BDD & ATTD",Learn JUnit 5 (JUpiter) + libraries for unit and integration testing from scratch together with test-driven development,Development,Undefined,"Andrii Piatakha, Learn IT University",https://click.linksynergy.com/deeplink?id=AVS0Ru3Qe18&mid=47901&murl=https://www.udemy.com/course/testing-for-developers/?couponCode=A0681788887AD1F7C549
English,Improving software development productivity,Improving software development productivity. Practical techniques.,IT & Software,Undefined,ANDRII SVIATOBATKO,https://click.linksynergy.com/deeplink?id=AVS0Ru3Qe18&mid=47901&murl=https://www.udemy.com/course/improving-software-development-productivity/?couponCode=5CBD33FF5782BA23859D
English,"Functional Programming + Lambdas, Method References, Streams","Learn amazing features in Java with functional programming, lambda functions, method references and Stream API",Development,Undefined,"Andrii Piatakha, Learn IT University",https://click.linksynergy.com/deeplink?id=AVS0Ru3Qe18&mid=47901&murl=https://www.udemy.com/course/functional-programming-learnit/?couponCode=043F4461C372E5DB4B2C
English,WebServices testing (RestSharp + Postman) Complete Guide,"2 in 1! Learn API testing from zero and build Test Automation with minimum toolset: C#, NUnit, RestSharp, Newtonsoft",Development,Undefined,"Tigran Ter-Karapetyants, Learn IT University",https://click.linksynergy.com/deeplink?id=AVS0Ru3Qe18&mid=47901&murl=https://www.udemy.com/course/webservices-testing-restsharp-postman-complete-guide/?couponCode=91995444C0615B933ACD
English,Drupal For Absolute Beginners (2024),The Most Comprehensive Course To Start Learning Latest And Greatest Drupal From Scratch,Development,Undefined,Shubham Saurav,https://click.linksynergy.com/deeplink?id=AVS0Ru3Qe18&mid=47901&murl=https://www.udemy.com/course/drupal-masterclass/?couponCode=1A5EC1974E11E7E4DA2F
English,Drupal For Beginners - Master Drupal Quickly,Learn Drupal step-by-step to build complex websites. No experience required!,Development,Undefined,Shubham Saurav,https://click.linksynergy.com/deeplink?id=AVS0Ru3Qe18&mid=47901&murl=https://www.udemy.com/course/drupal-for-beginners-course/?couponCode=0B19C6E5744305CAD3A4
English,"Java Collections Framework + Generics, Lambdas & Stream API",Learn Java Collections Framework from scratch to PRO level with practical exercises,Development,Undefined,"Andrii Piatakha, Learn IT University",https://click.linksynergy.com/deeplink?id=AVS0Ru3Qe18&mid=47901&murl=https://www.udemy.com/course/java-collections-framework-learnit/?couponCode=14EED56ADDA9325F4578
English,Intro to ChatGPT: The Essential Skills for Getting Started,"Master the Art of Writing with ChatGPT AI: Boost Your Blogging, Sales Copy, and More",Office Productivity,Undefined,Yassin Marco,https://click.linksynergy.com/deeplink?id=AVS0Ru3Qe18&mid=47901&murl=https://www.udemy.com/course/intro-to-chatgpt-the-essential-skills-for-getting-started/?couponCode=DB76FFFB067BBACB8882
English,Engineering Drawing / Graphics : Hands-on Training,"Master Technical Drawing with Orthographic & Isometric Projections, Engineering curves, Projection of Solids and DLS",Teaching & Academics,Undefined,Easy learning,https://click.linksynergy.com/deeplink?id=AVS0Ru3Qe18&mid=47901&murl=https://www.udemy.com/course/engineering-drawing-graphics/?couponCode=DRW12ING
English,"28 Copywriting Sales Templates, SEO & ChatGPT for E-Commerce",2 Courses in 1: SEO Copywriting Templates & Ecommerce SEO. Download PRO Ecommerce Templates. Enjoy Animations & Quizzes.,Marketing,Undefined,"Ing. Tomas Moravek, Learn Digital Advertising",https://click.linksynergy.com/deeplink?id=AVS0Ru3Qe18&mid=47901&murl=https://www.udemy.com/course/e-commerce-seo-2023/?couponCode=HAPPYWOODDRAGON1
English,PMI-ACP®: Agile Certified Project Management 200 Questions,The Complete PMI ACP® Practice Test - 200Q - Pass PMI ACP® Certification Exam Successfully - Lets Get it Done !,IT & Software,Undefined,Debajyoti Adhya,https://click.linksynergy.com/deeplink?id=AVS0Ru3Qe18&mid=47901&murl=https://www.udemy.com/course/pmi-acp-practice-exams-agile-certified-practitioner-200-q/?couponCode=75FA29F79CD83A2269D4
English,PSPO1 Practice Tests Scrum Product Owner certification-160Q,The Complete PSPO1 Practice Test - 160Q - Pass PSPO1 Certification Exam Successfully - Lets Get it Done !,IT & Software,Undefined,Debajyoti Adhya,https://click.linksynergy.com/deeplink?id=AVS0Ru3Qe18&mid=47901&murl=https://www.udemy.com/course/pspo1tm-practice-tests-scrum-product-owner-certification-160q/?couponCode=C5E6DFA5437B5E944687
English,Microsoft AZ-900: Azure Fundamentals Exam Preparation Test,Pass AZ-900 Cloud Certification Exam 110Q Practice Set,IT & Software,Undefined,Debajyoti Adhya,https://click.linksynergy.com/deeplink?id=AVS0Ru3Qe18&mid=47901&murl=https://www.udemy.com/course/az-900-microsoft-azure-fundamentals-exam-preparation-test/?couponCode=F6D9AB9FB16F9578E1CE
English,PMP® Practice Test: Project Management Professional 2021,Prepare yourself to pass the PMP® certification exam in 2021 The Complete PMP® Practice Test - 360 Questions,IT & Software,Undefined,Debajyoti Adhya,https://click.linksynergy.com/deeplink?id=AVS0Ru3Qe18&mid=47901&murl=https://www.udemy.com/course/pmp-practice-test-project-management-professional-2021/?couponCode=E393B4CE8B7D6656E437
English,Microsoft AZ-104: Azure Administrator Exam Prep Test,Pass AZ-104 Cloud Certification Exam 165Q Practice Set,IT & Software,Undefined,Debajyoti Adhya,https://click.linksynergy.com/deeplink?id=AVS0Ru3Qe18&mid=47901&murl=https://www.udemy.com/course/microsoft-az-104-azure-administrator-exam-prep-test/?couponCode=0E6105CD1BE8C578325A
English,Aerospace Engineering: Aircraft Design Project Course,Mastering Aircraft Design: From Concepts to Creation,Teaching & Academics,Undefined,Petar Dimov,https://click.linksynergy.com/deeplink?id=AVS0Ru3Qe18&mid=47901&murl=https://www.udemy.com/course/aerospace-engineering-aircraft-design-project-course/?couponCode=FEB2-FREE
English,Strategic Human Resource Management (SHRM) Certification,"The Complete SHRM Certification: Strategic Insights, Certification Success",Business,Undefined,Petar Dimov,https://click.linksynergy.com/deeplink?id=AVS0Ru3Qe18&mid=47901&murl=https://www.udemy.com/course/strategic-human-resource-management-shrm-certification-q/?couponCode=FEB2-FREE
English,Sarbanes-Oxley & ISO 9001: Mastering Corporate Governance,Unlocking Governance Excellence: The Complete Sarbanes-Oxley & ISO 9001 Course,Business,Undefined,Petar Dimov,https://click.linksynergy.com/deeplink?id=AVS0Ru3Qe18&mid=47901&murl=https://www.udemy.com/course/sarbanes-oxley-iso-9001-mastering-corporate-governance/?couponCode=FEB2-FREE
English,ISO 14001 - Environmental Management System (EMS) Course,"Mastering ISO 14001: Sustainability, Compliance, Implementation",Business,Undefined,Petar Dimov,https://click.linksynergy.com/deeplink?id=AVS0Ru3Qe18&mid=47901&murl=https://www.udemy.com/course/iso-14001-environmental-management-system-ems-course/?couponCode=FEB2-FREE
English,Aerospace Engineering: The Complete Aerodynamics Course,Unlocking Flight Dynamics: Mastering Transonic Aerodynamics and Airfoil Design,Teaching & Academics,Undefined,Petar Dimov,https://click.linksynergy.com/deeplink?id=AVS0Ru3Qe18&mid=47901&murl=https://www.udemy.com/course/aerospace-engineering-the-complete-aerodynamics-course/?couponCode=FEB2-FREE
English,The Complete Mobile Notary Business Course,Unlocking Success in the Mobile Notary Business: From Commission to Prosperity,Business,Undefined,Petar Dimov,https://click.linksynergy.com/deeplink?id=AVS0Ru3Qe18&mid=47901&murl=https://www.udemy.com/course/the-complete-mobile-notary-business-course/?couponCode=FEB2-FREE
English,The Complete ISO 13485 QA Course for Medical Devices,Master ISO 13485: Elevate Medical Device Quality Assurance,Business,Undefined,Petar Dimov,https://click.linksynergy.com/deeplink?id=AVS0Ru3Qe18&mid=47901&murl=https://www.udemy.com/course/the-complete-iso-13485-qa-course-for-medical-devices/?couponCode=FEB2-FREE
English,The Complete ISO 22301 Business Continuity Management Course,"Master ISO 22301: BCM Essentials, Risk Assessment, Continuity Planning, Evaluation",Business,Undefined,Petar Dimov,https://click.linksynergy.com/deeplink?id=AVS0Ru3Qe18&mid=47901&murl=https://www.udemy.com/course/the-complete-iso-22301-business-continuity-management-course/?couponCode=FEB2-FREE
English,The Complete Good Manufacturing Practices (GMP) Course,"Master GMP Essentials: Quality, Compliance, Excellence",Business,Undefined,Petar Dimov,https://click.linksynergy.com/deeplink?id=AVS0Ru3Qe18&mid=47901&murl=https://www.udemy.com/course/good-manufacturing-practices-gmp-certification-course-n/?couponCode=FEB2-FREE
English,The Complete Customer Success Manager (CSM) Course,"Master Customer Success: Strategies, Skills, and Metrics for Success",Business,Undefined,Petar Dimov,https://click.linksynergy.com/deeplink?id=AVS0Ru3Qe18&mid=47901&murl=https://www.udemy.com/course/the-complete-customer-success-manager-csm-course/?couponCode=FEB2-FREE
English,Ultimate Beginner Guide to Streamlabs OBS (OBS),"Learn everything you need about livestreaming on Twitch, YouTube, Mixer and more with SLOBS fast and easy",IT & Software,Undefined,Nick Nyxson,https://click.linksynergy.com/deeplink?id=AVS0Ru3Qe18&mid=47901&murl=https://www.udemy.com/course/ultimate-beginner-guide-for-streamlabs-obs/?couponCode=E159E9E344BD559DB0E9
English,Negotiation A-Z - Inside Secrets from a Master Negotiator,Negotiating Agreement Without Giving In. How To Get What You Want. Negotiating in Difficult Situations.,Business,Undefined,"Ash Akshay Goel, Susmita Dutta",https://click.linksynergy.com/deeplink?id=AVS0Ru3Qe18&mid=47901&murl=https://www.udemy.com/course/neuro-negotiation-system-become-number-one-negotiator-and-make-or-save-money/?couponCode=FEB2024FREE01
English,Power of Your Mind - Hypnosis and EFT Reprogramming,Get 55 Hypnosis & 18 EFT Downloads to unlock your brilliance with natures gift and the power of Hypnosis and EFT,Lifestyle,Undefined,Alan Kirwan,https://click.linksynergy.com/deeplink?id=AVS0Ru3Qe18&mid=47901&murl=https://www.udemy.com/course/get-more-happiness-with-hypnosis/?couponCode=BE823DEBD886B45BEE19
English,The Complete ISO 17025 Course,"ISO 17025, Quality, Calibration; Quality Management in Laboratories; Precision Calibration Techniques; Compliance",IT & Software,Undefined,Petar Dimov,https://click.linksynergy.com/deeplink?id=AVS0Ru3Qe18&mid=47901&murl=https://www.udemy.com/course/the-complete-iso17025-course-from-zero-to-hero/?couponCode=FEB2-FREE
English,"Master the Art of the Persuasive ""PITCH DECK"" Presentations","From Idea to Investment: Craft Winning Pitch Decks + Downloadable Templates, Expert Resources, & Bonus Tools!",Business,Undefined,Md. Asif Iqbal,https://click.linksynergy.com/deeplink?id=AVS0Ru3Qe18&mid=47901&murl=https://www.udemy.com/course/art-of-the-persuasive-pitch-deck-presentations/?couponCode=081BB82D71537A9F1F88
English,Introduction to Domain Names and Web Hosting - Quick Guide,Learn how Domain Names Work and Types of Web Hosting for any Web Development Project,Development,Undefined,YouAccel Training,https://click.linksynergy.com/deeplink?id=AVS0Ru3Qe18&mid=47901&murl=https://www.udemy.com/course/introduction-to-domain-names-and-web-hosting-quick-guide/?couponCode=YOUACCEL70976
English,Configure NGINX on a Cloud Server: Digital Ocean & AWS,Digital Ocean | NGINX | LEMP Stack | Domain Names | SSL | WordPress | AWS Foundations | Amazon EC2 | AWS Storage | ELB,Development,Undefined,YouAccel Training,https://click.linksynergy.com/deeplink?id=AVS0Ru3Qe18&mid=47901&murl=https://www.udemy.com/course/configure-nginx-on-a-cloud-server-digital-ocean-aws/?couponCode=YOUACCEL70976
English,"Cloud Computing Essentials: Linode, Linux, and LAMP Stack","From Beginner to Pro: A Comprehensive Guide to Cloud Computing with Linode, Linux, and LAMP Stack",Development,Undefined,YouAccel Training,https://click.linksynergy.com/deeplink?id=AVS0Ru3Qe18&mid=47901&murl=https://www.udemy.com/course/cloud-computing-essentials-linode-linux-and-lamp-stack/?couponCode=YOUACCEL70976
English,Linode: Build and Deploy Responsive Websites on the Cloud,Cloud Computing | IaaS | Linux Foundations | Apache + DBMS | LAMP Stack | Server Security | Backups | HTML | CSS,Development,Undefined,YouAccel Training,https://click.linksynergy.com/deeplink?id=AVS0Ru3Qe18&mid=47901&murl=https://www.udemy.com/course/linode-build-and-deploy-responsive-websites-on-the-cloud/?couponCode=YOUACCEL70976
English,How the Internet Works & the Web Development Process,"Learn how the Internet Works - HTTP/HTTPS, Mail Delivery (SMTP), LAN, WAN, Network Basics & Firewalls",Development,Undefined,YouAccel Training,https://click.linksynergy.com/deeplink?id=AVS0Ru3Qe18&mid=47901&murl=https://www.udemy.com/course/how-the-internet-works-the-web-development-process/?couponCode=YOUACCEL18250
English,Best of Facebook Ads: Meta Advertising Pro Guide + ChatGPT,"Become a Meta Ads Consultant. Profit with Facebook Ads, Instagram Ads and WhatsApp Ads Ultimate Pro Guide. Use ChatGPT.",Marketing,Undefined,"Ing. Tomas Moravek, Learn Digital Advertising",https://click.linksynergy.com/deeplink?id=AVS0Ru3Qe18&mid=47901&murl=https://www.udemy.com/course/facebook-ads-instagram-ads-training-chatgpt/?couponCode=HAPPYWOODDRAGON2
English,AWS & React: Deploy an Auto-Scaling E-Commerce App with ELB,"AWS Foundations | Amazon EC2 | EC2 Configuration | AWS Storage (EBS, EFS) | ELB | ASG | Route 53 | ReactJS | E-Commerce",Development,Undefined,YouAccel Training,https://click.linksynergy.com/deeplink?id=AVS0Ru3Qe18&mid=47901&murl=https://www.udemy.com/course/aws-react-deploy-an-auto-scaling-e-commerce-app-with-elb/?couponCode=YOUACCEL70976
English,HTML & CSS - Certification Course for Beginners,"Lean the Foundations of HTML & CSS to Create Fully Customized, Mobile Responsive Web Pages",Development,Undefined,YouAccel Training,https://click.linksynergy.com/deeplink?id=AVS0Ru3Qe18&mid=47901&murl=https://www.udemy.com/course/html-css-certification-course-for-beginners/?couponCode=YOUACCEL18250
English,Bootstrap & jQuery - Certification Course for Beginners,"Learn to Create fully Animated, Interactive, Mobile Responsive Web Pages using Bootstrap & jQuery Library.",Development,Undefined,YouAccel Training,https://click.linksynergy.com/deeplink?id=AVS0Ru3Qe18&mid=47901&murl=https://www.udemy.com/course/bootstrap-jquery-certification-course-for-beginners/?couponCode=YOUACCEL18250
English,Setup LAMP Stack on a Remote Cloud Server + PHP Foundations,Cloud Computing Foundations | Instance Deployment | LAMP Stack Configuration | Database Deployment | PHP Basics,Development,Undefined,YouAccel Training,https://click.linksynergy.com/deeplink?id=AVS0Ru3Qe18&mid=47901&murl=https://www.udemy.com/course/setup-lamp-stack-on-a-remote-cloud-server-php-foundations/?couponCode=YOUACCEL34674
English,Internet & Cloud Computing Foundations,HTTP | HTTPS | SMTP | LAN | WAN | Web Hosting | Domain Names | Cloud Computing | Linode | AWS Foundations,Development,Undefined,YouAccel Training,https://click.linksynergy.com/deeplink?id=AVS0Ru3Qe18&mid=47901&murl=https://www.udemy.com/course/internet-cloud-computing-foundations/?couponCode=YOUACCEL18250
English,"Create a Members Only Blog using PHP, MySQL, & AJAX","Create a Database Driven Blog with Authentication, Validated Contact Forms, & Session Variables using PHP, MYSQL, & AJAX",Development,Undefined,YouAccel Training,https://click.linksynergy.com/deeplink?id=AVS0Ru3Qe18&mid=47901&murl=https://www.udemy.com/course/create-a-members-only-blog-using-php-mysql-ajax/?couponCode=YOUACCEL18250
English,Adobe Lightroom Classic CC: Master the Library Module,"Import, Sort, and Organize Collections of Images using Collections, Keywords, Color Labels, Flags, Metadata, + More",Photography & Video,Undefined,YouAccel Training,https://click.linksynergy.com/deeplink?id=AVS0Ru3Qe18&mid=47901&murl=https://www.udemy.com/course/adobe-lightroom-classic-cc-master-the-library-module/?couponCode=YOUACCEL18250
English,Linode: Foundations of Web Server Security,Cloud Service Models | IaaS | Linode Basics | TFA | SSH | Linux | Ubuntu | LAMP Stack | DBMS | Firewalls | SSL,Development,Undefined,YouAccel Training,https://click.linksynergy.com/deeplink?id=AVS0Ru3Qe18&mid=47901&murl=https://www.udemy.com/course/linode-foundations-of-web-server-security/?couponCode=YOUACCEL18250
English,"AWS Beginner to Intermediate: EC2, IAM, ELB, ASG, Route 53",AWS Accounts | Billing | IAM Admin | EC2 Config | Ubuntu | AWS Storage | EBS | EFS | AMI | Load Balancers | Route 53,Development,Undefined,YouAccel Training,https://click.linksynergy.com/deeplink?id=AVS0Ru3Qe18&mid=47901&murl=https://www.udemy.com/course/aws-beginner-to-intermediate-ec2-iam-elb-asg-route-53/?couponCode=YOUACCEL18250
English,Build a Custom E-Commerce Site in React + JavaScript Basics,"Build a Fully Customized E-Commerce Site with Product Categories, Shopping Cart, and Checkout Page in React.",Development,Undefined,YouAccel Training,https://click.linksynergy.com/deeplink?id=AVS0Ru3Qe18&mid=47901&murl=https://www.udemy.com/course/build-a-custom-e-commerce-site-in-react-javascript-basics/?couponCode=YOUACCEL34674
English,Build an Amazon Affiliate E-Commerce Store from Scratch,"Earn Passive Income by Building an Amazon Affiliate E-Commerce Store using WordPress, WooCommerce, WooZone, & Elementor",Development,Undefined,YouAccel Training,https://click.linksynergy.com/deeplink?id=AVS0Ru3Qe18&mid=47901&murl=https://www.udemy.com/course/build-an-amazon-affiliate-e-commerce-store-from-scratch/?couponCode=YOUACCEL34674
English,Udemy Course Creation - Udemy Instructor Guide (Unofficial),Create Online Course on Udemy Fast - Full Guide to Udemy Course Creation & Starting Udemy Instructor Career (Unofficial),Teaching & Academics,Undefined,Nick Nyxson,https://click.linksynergy.com/deeplink?id=AVS0Ru3Qe18&mid=47901&murl=https://www.udemy.com/course/udemy-instructor/?couponCode=F567C5316C857768C0E9
English,"JavaScript, Bootstrap, & PHP - Certification for Beginners","A Comprehensive Guide for Beginners interested in learning JavaScript, Bootstrap, & PHP",Development,Undefined,YouAccel Training,https://click.linksynergy.com/deeplink?id=AVS0Ru3Qe18&mid=47901&murl=https://www.udemy.com/course/javascript-bootstrap-php-certification-for-beginners/?couponCode=YOUACCEL70976
English,"HTML, JavaScript, & Bootstrap - Certification Course","A Comprehensive Guide for Beginners interested in learning HTML, JavaScript, & Bootstrap. Build Interactive Web Pages.",Development,Undefined,YouAccel Training,https://click.linksynergy.com/deeplink?id=AVS0Ru3Qe18&mid=47901&murl=https://www.udemy.com/course/html-javascript-bootstrap-certification-course/?couponCode=YOUACCEL70976
English,CSS & JavaScript - Certification Course for Beginners,Learn how to Add Dynamic Client-Side Functions to your Web Pages using CSS & JavaScript,Development,Undefined,YouAccel Training,https://click.linksynergy.com/deeplink?id=AVS0Ru3Qe18&mid=47901&murl=https://www.udemy.com/course/css-javascript-certification-course-for-beginners/?couponCode=YOUACCEL34674
English,"Install NGINX, PHP, MySQL, SSL & WordPress on Ubuntu","Learn to Install & Configure NGINX on Ubuntu 18.04. Includes MySQL, PHP, PhpMyAdmin, WordPress & SSL Integration.",Development,Undefined,YouAccel Training,https://click.linksynergy.com/deeplink?id=AVS0Ru3Qe18&mid=47901&murl=https://www.udemy.com/course/install-nginx-php-mysql-ssl-wordpress-on-ubuntu/?couponCode=YOUACCEL34674
English,Learn MySQL - For Beginners,Learn to Create Database Driven Web Applications using MySQL,Development,Undefined,YouAccel Training,https://click.linksynergy.com/deeplink?id=AVS0Ru3Qe18&mid=47901&murl=https://www.udemy.com/course/learn-mysql-for-beginners/?couponCode=YOUACCEL34674
English,"NGINX, Apache, SSL Encryption - Certification Course","Install, Configure, and Secure NGINX & Apache on an Ubuntu Server using Digital Ocean & Let's Encrypt SSL",Development,Undefined,YouAccel Training,https://click.linksynergy.com/deeplink?id=AVS0Ru3Qe18&mid=47901&murl=https://www.udemy.com/course/nginx-apache-ssl-encryption-certification-course/?couponCode=YOUACCEL34674
English,Learn Bootstrap - For Beginners,Learn to create mobile-responsive web pages using Bootstrap,Development,Undefined,YouAccel Training,https://click.linksynergy.com/deeplink?id=AVS0Ru3Qe18&mid=47901&murl=https://www.udemy.com/course/learn-bootstrap-for-beginners/?couponCode=YOUACCEL70976
English,Adobe Lightroom Classic CC: The Map & Book Module,Geotag Images | Filter and Save Locations | Book Settings | Book Layout | Text Formatting | Backgrounds | Exporting,Photography & Video,Undefined,YouAccel Training,https://click.linksynergy.com/deeplink?id=AVS0Ru3Qe18&mid=47901&murl=https://www.udemy.com/course/adobe-lightroom-classic-cc-the-map-book-module/?couponCode=YOUACCEL14254
English,Learn to Host Multiple Domains on one Virtual Server,Setup and Host Multiple Sites on one Server using Digital Ocean. Setup Virtual Hosts and Secure all Domains with SSL.,Development,Undefined,YouAccel Training,https://click.linksynergy.com/deeplink?id=AVS0Ru3Qe18&mid=47901&murl=https://www.udemy.com/course/learn-to-host-multiple-domains-on-one-virtual-server/?couponCode=YOUACCEL14254
English,Learn CSS - For Beginners,Learn to Work with Cascading Style Sheets,Development,Undefined,YouAccel Training,https://click.linksynergy.com/deeplink?id=AVS0Ru3Qe18&mid=47901&murl=https://www.udemy.com/course/learn-css-for-beginners/?couponCode=YOUACCEL14254
English,AWS and Linode: The Ultimate Guide to Cloud Computing [IaaS],Cloud Computing | Linux Foundations | Apache | NGINX | DBMS | Firewalls | Load Balancers | AWS IAM | Amazon EC2,Development,Undefined,YouAccel Training,https://click.linksynergy.com/deeplink?id=AVS0Ru3Qe18&mid=47901&murl=https://www.udemy.com/course/aws-and-linode-the-ultimate-guide-to-cloud-computing-iaas/?couponCode=YOUACCEL14254
English,Build a Connect-4 Clone in React + JavaScript Foundations,Learn the Foundations of React and JavaScript by Building a Fully Functional Connect-4 Game Clone.,Development,Undefined,YouAccel Training,https://click.linksynergy.com/deeplink?id=AVS0Ru3Qe18&mid=47901&murl=https://www.udemy.com/course/build-a-connect-4-clone-in-react-javascript-foundations/?couponCode=YOUACCEL14254
English,"Complete JavaScript, jQuery and React Bootcamp - Hands-On","Learn to Harness the Power of JavaScript, jQuery and React to Build Stunning Front-End User Interfaces.",Development,Undefined,YouAccel Training,https://click.linksynergy.com/deeplink?id=AVS0Ru3Qe18&mid=47901&murl=https://www.udemy.com/course/complete-javascript-jquery-and-react-bootcamp-hands-on/?couponCode=YOUACCEL14254
English,"Entrepreneurship - Ft. Matthew Rolnick of Yaymaker, Groupon",Learn Entrepreneurship through Q&A with Matthew Rolnick who generated 10+ Million in sales at Groupon.,Business,Undefined,"YouAccel Training, Matthew Rolnick",https://click.linksynergy.com/deeplink?id=AVS0Ru3Qe18&mid=47901&murl=https://www.udemy.com/course/how-to-succeed-as-an-entrepreneur-a-beginners-guide/?couponCode=YOUACCEL14254
English,Cloud Computing and Amazon Web Services (AWS) Fundamentals,"Examine the Key Principles of Cloud Computing including Service Models, Deployment Models, & Foundations of AWS",Development,Undefined,YouAccel Training,https://click.linksynergy.com/deeplink?id=AVS0Ru3Qe18&mid=47901&murl=https://www.udemy.com/course/cloud-computing-and-amazon-web-services-aws-fundamentals/?couponCode=YOUACCEL14254
English,Learn jQuery - For Beginners,"Learn to create animated, interactive web pages using jQuery Library",Development,Undefined,YouAccel Training,https://click.linksynergy.com/deeplink?id=AVS0Ru3Qe18&mid=47901&murl=https://www.udemy.com/course/learn-jquery-for-beginners/?couponCode=YOUACCEL45572
English,Learn PHP - For Beginners,Learn to create dynamic web applications using PHP,Development,Undefined,YouAccel Training,https://click.linksynergy.com/deeplink?id=AVS0Ru3Qe18&mid=47901&murl=https://www.udemy.com/course/learn-php-for-beginners-n/?couponCode=YOUACCEL14254
English,AWS Identity and Access Management (IAM) Foundations,"Setup and Configure Multiple Users in an AWS account using IAM. Assign Privileges, Create Access Logs, and Setup MFA.",Development,Undefined,YouAccel Training,https://click.linksynergy.com/deeplink?id=AVS0Ru3Qe18&mid=47901&murl=https://www.udemy.com/course/aws-identity-and-access-management-iam-foundations/?couponCode=YOUACCEL14254
English,How to Install a Free SSL Certificate using Let's Encrypt,Learn to Secure website traffic using HTTPS by installing a FREE Let's Encrypt SSL Certificate!,Development,Undefined,YouAccel Training,https://click.linksynergy.com/deeplink?id=AVS0Ru3Qe18&mid=47901&murl=https://www.udemy.com/course/fix-googles-new-not-secure-warning-with-lets-encrypt/?couponCode=YOUACCEL45572
English,Build and Deploy Responsive Websites on AWS using HTML & CSS,AWS Foundations | IAM | Amazon Elastic Compute Cloud (EC2) | AWS Storage (EC2) | ELB | ASG | Route 53 | HTML | CSS,Development,Undefined,YouAccel Training,https://click.linksynergy.com/deeplink?id=AVS0Ru3Qe18&mid=47901&murl=https://www.udemy.com/course/build-and-deploy-responsive-websites-on-aws-using-html-css/?couponCode=YOUACCEL45572
English,Lightroom Classic CC: Master the Library & Develop Module,Catalog Config | Metadata | Importing | File Formats | Watermarks | Filtering | Views | Collections | Image Corrections,Design,Undefined,YouAccel Training,https://click.linksynergy.com/deeplink?id=AVS0Ru3Qe18&mid=47901&murl=https://www.udemy.com/course/lightroom-classic-cc-master-the-library-develop-module/?couponCode=YOUACCEL45572
English,JavaScript & jQuery - Certification Course for Beginners,"Add Animated, Dynamic, Client-Side Functionality to your Web Pages using JavaScript & jQuery",Development,Undefined,YouAccel Training,https://click.linksynergy.com/deeplink?id=AVS0Ru3Qe18&mid=47901&murl=https://www.udemy.com/course/javascript-jquery-certification-course-for-beginners/?couponCode=YOUACCEL45572
English,Setup a Virtual Web Server using Linode or Digital Ocean,"Deploy, Configure, and Scale a Production Virtual Web Server on Linode or Digital Ocean. Install LAMP Stack + More",Development,Undefined,YouAccel Training,https://click.linksynergy.com/deeplink?id=AVS0Ru3Qe18&mid=47901&murl=https://www.udemy.com/course/setup-a-virtual-web-server-using-linode-or-digital-ocean/?couponCode=YOUACCEL45572
English,Learn XML-AJAX - For Beginners,Learn to create interactive web applications using AJAX,Development,Undefined,YouAccel Training,https://click.linksynergy.com/deeplink?id=AVS0Ru3Qe18&mid=47901&murl=https://www.udemy.com/course/learn-xml-ajax-for-beginners/?couponCode=YOUACCEL45572
English,Automated Machine Learning for Beginners (Google & Apple),"Learn AI: Computer Vision, NLP, Tabular Data - build powerful models with Google AutoML & Apple CreateML",Development,Undefined,AIBrain Inc.,https://click.linksynergy.com/deeplink?id=AVS0Ru3Qe18&mid=47901&murl=https://www.udemy.com/course/automl-for-ai-powered-professionals/?couponCode=UPGRADEYOU
English,"HTML, CSS, & JavaScript - Certification Course for Beginners","A Comprehensive Guide for Beginners interested in learning HTML, CSS, & JavaScript to Build Interactive Web Pages.",Development,Undefined,YouAccel Training,https://click.linksynergy.com/deeplink?id=AVS0Ru3Qe18&mid=47901&murl=https://www.udemy.com/course/html-css-javascript-certification-course-for-beginners/?couponCode=YOUACCEL45572
English,MS-900: Microsoft 365 Certified: Fundamentals - Mock Exams,Exam MS-900: Microsoft 365 Fundamentals - Supercharge Your Exam Readiness with In-Depth Mock Exams!,IT & Software,Undefined,Paweł Krakowiak,https://click.linksynergy.com/deeplink?id=AVS0Ru3Qe18&mid=47901&murl=https://www.udemy.com/course/ms-900-microsoft-365-fundamentals-exams/?couponCode=FREEDROP4
English,Microsoft Certified: Azure Administrator Associate - Exams,Master Azure Administration: Ace AZ-104 with Realistic Practice and Expert Insights!,IT & Software,Undefined,Paweł Krakowiak,https://click.linksynergy.com/deeplink?id=AVS0Ru3Qe18&mid=47901&murl=https://www.udemy.com/course/exam-az-104-microsoft-azure-administrator-exams/?couponCode=FREEDROP6
English,Project Management Professional PMP Certification Exam Prep,"Hustle Bootcamp: Ace the Mocks, Score the Cert, and Lead Project Management Like a Boss!",Business,Undefined,Paweł Krakowiak,https://click.linksynergy.com/deeplink?id=AVS0Ru3Qe18&mid=47901&murl=https://www.udemy.com/course/project-management-professional-pmp-certification-exam-prep/?couponCode=FREEDROP6
English,Microsoft Azure Fundamentals Pack - AZ-900 + DP-900 + AI-900,"Comprehensive Microsoft Azure Fundamentals Pack - Ace AZ-900, DP-900 & AI-900 Exams - Master the Power of Azure Cloud!",IT & Software,Undefined,Paweł Krakowiak,https://click.linksynergy.com/deeplink?id=AVS0Ru3Qe18&mid=47901&murl=https://www.udemy.com/course/microsoft-azure-fundamentals-pack-az-900-dp-900-ai-900-e/?couponCode=FREEDROP3
English,Natural Language Processing Challenges : Exam Practice Tests,Navigate the Depths of Natural Language Processing: Elevate Your Skills with Comprehensive Exam Practice Tests,Teaching & Academics,Undefined,"Faisal Zamir, Python AI ML DL DS Quiz Maker",https://click.linksynergy.com/deeplink?id=AVS0Ru3Qe18&mid=47901&murl=https://www.udemy.com/course/natural-language-processing-challenges-exam-practice-tests/?couponCode=B954368D7CDEE08EE2DC
English,TensorFlow Proficiency Exam: Hands-On Practice Questions,TensorFlow Proficiency Exam: Dive into Hands-On Practice Questions for Comprehensive Mastery and Exam Success,Teaching & Academics,Undefined,"Faisal Zamir, Python AI ML DL DS Quiz Maker",https://click.linksynergy.com/deeplink?id=AVS0Ru3Qe18&mid=47901&murl=https://www.udemy.com/course/tensorflow-proficiency-exam-hands-on-practice-questions/?couponCode=4BAD7F6D1B5C05CD609E
English,2024 Master in Machine Learning: Comprehensive Exam Practice,JOB SEEKERS: Empowering Excellence through Practice: Achieve Mastery in Machine Learning Exams - 2024 Edition,Teaching & Academics,Undefined,"Faisal Zamir, Python AI ML DL DS Quiz Maker",https://click.linksynergy.com/deeplink?id=AVS0Ru3Qe18&mid=47901&murl=https://www.udemy.com/course/2024-master-in-machine-learning-comprehensive-exam-practice/?couponCode=44E22451FFA7D25CE426
English,Rank Your Youtube Videos Higher in Search Using Tubebuddy,Easy-to-Understand YouTube SEO // How to do proper keyword research for your Youtube videos for organic channel growth,Marketing,Undefined,Jewel & Auret,https://click.linksynergy.com/deeplink?id=AVS0Ru3Qe18&mid=47901&murl=https://www.udemy.com/course/rank-your-youtube-videos-higher-in-search-using-tubebuddy/?couponCode=2FEB2024
English,Get More YouTube Views 2024: Pro Tips by Seasoned YouTubers,"Stealth Strategies for Getting More Views, Channel Growth & Monetization - Learn from a YouTuber with 13+ Million Views",Marketing,Undefined,Jewel & Auret,https://click.linksynergy.com/deeplink?id=AVS0Ru3Qe18&mid=47901&murl=https://www.udemy.com/course/get-more-youtube-views/?couponCode=2FEB2024
English,Amazon Influencer Program for Canadians,Learn how to generate daily income in as little as 1-2 weeks from Amazon using your phone,Business,Undefined,Jewel & Auret,https://click.linksynergy.com/deeplink?id=AVS0Ru3Qe18&mid=47901&murl=https://www.udemy.com/course/amazon-influencer-program-for-canadians/?couponCode=2FEB2024
English,Amazon FBA Canada: Your Complete Canadian Guide To Profits,How to sell on Amazon FBA for Canadians: Because it's not the same as FBA selling in the USA. No experience required.,Business,Undefined,Jewel & Auret,https://click.linksynergy.com/deeplink?id=AVS0Ru3Qe18&mid=47901&murl=https://www.udemy.com/course/how-to-sell-on-amazon-fba-canada/?couponCode=2FEB2024
English,The Complete Camtasia Course for Content Creators: Start Now,Learn How to Edit Videos in Camtasia Studio Software With Ease. From No Video Editing Experience to PRO.,Business,Undefined,Jewel & Auret,https://click.linksynergy.com/deeplink?id=AVS0Ru3Qe18&mid=47901&murl=https://www.udemy.com/course/the-complete-camtasia-course-for-content-creators/?couponCode=2FEB2024
English,Social Media Mastery 2023| Increase Customer Conversion Rate,"Learn how to gain more customers and clients using social media marketing tips on Facebook, Twitter and Instagram, etc.",Marketing,Undefined,Oranje Media,https://click.linksynergy.com/deeplink?id=AVS0Ru3Qe18&mid=47901&murl=https://www.udemy.com/course/social-media-mastery-increase-customer-conversion-rate/?couponCode=8A3B6B7F38A6322FC3FE
English,The Complete SEO Guide: SEO For Beginner to Expert 2024,Easy To Ways Rank Your Blog Website in Google. The Complete SEO course For Beginner to Expert,Marketing,Undefined,Web Oral,https://click.linksynergy.com/deeplink?id=AVS0Ru3Qe18&mid=47901&murl=https://www.udemy.com/course/rank-your-blog-website-in-google-beginners-seo-course/?couponCode=ALHAMDULILLAH_022224
English,Master all the MS Excel Macros and the basics of Excel VBA,Learn automation of tasks with Excel Macros and Excel VBA With different intersting Excel Projects,Office Productivity,Undefined,Yassin Marco,https://click.linksynergy.com/deeplink?id=AVS0Ru3Qe18&mid=47901&murl=https://www.udemy.com/course/master-all-the-ms-excel-macros-and-the-basics-of-excel-vba/?couponCode=B9AF5A9E5528177491F0
English,"CSS, JavaScript And Python Complete Course",CSS And JavaScript Programming Language And Python Programming Language Complete Course,IT & Software,Undefined,PROPER DOT INSTITUTE,https://click.linksynergy.com/deeplink?id=AVS0Ru3Qe18&mid=47901&murl=https://www.udemy.com/course/css-javascript-and-python-complete-course/?couponCode=CDE19F7723703C494527
English,Javascript For Beginners Complete Course,Learn Javascript Programming Language With Practical Interaction,IT & Software,Undefined,PROPER DOT INSTITUTE,https://click.linksynergy.com/deeplink?id=AVS0Ru3Qe18&mid=47901&murl=https://www.udemy.com/course/javascript-for-beginners-complete-course/?couponCode=A4022AB72568CCFA0076
English,Social Media Marketing Strategy 2024: Launch Your SMM!,In-depth social media marketing strategy and management course for businesses. Turn subscribers into real customers!,Marketing,Undefined,"Anton Voroniuk, Anton Voroniuk Support, Vlad Bogutskiy",https://click.linksynergy.com/deeplink?id=AVS0Ru3Qe18&mid=47901&murl=https://www.udemy.com/course/social-media-marketing-strategy-course/?couponCode=FREESMM1902
English,Digital Marketing Strategist. Unlock your career growth,Become a digital marketing expert. Learn proven digital marketing strategies with my roadmap and 24/7 expert support,Marketing,Undefined,"Anton Voroniuk, Anton Voroniuk Support, Vlad Bogutskiy, Oleksii Serhiienko",https://click.linksynergy.com/deeplink?id=AVS0Ru3Qe18&mid=47901&murl=https://www.udemy.com/course/digital-marketing-strategy-from-scratch-course/?couponCode=FREEDMS1902
English,Content Marketing. Content that Sells!,"Unlock the Power of Content Marketing: Strategies, Tactics, and Tools for Success. Learn how to create content that sell",Marketing,Undefined,"Anton Voroniuk, Anton Voroniuk Support",https://click.linksynergy.com/deeplink?id=AVS0Ru3Qe18&mid=47901&murl=https://www.udemy.com/course/content-marketing-strategy-course/?couponCode=FREECM1902
English,Google Analytics 4 (GA4): Become a Web Analytics Specialist!,Unlock the Power of Google Analytics 4: Your Journey from Setup to Data Mastery,Marketing,Undefined,"Anton Voroniuk, Anton Voroniuk Support, Hanna Ivanova",https://click.linksynergy.com/deeplink?id=AVS0Ru3Qe18&mid=47901&murl=https://www.udemy.com/course/google-analytics-ga4-gtm-for-beginners/?couponCode=FREEGA1902
English,Freeing the Chest and Shoulders through Somatic Movement,Feldenkrais Awareness through Movement,Health & Fitness,Undefined,Kim Kurray,https://click.linksynergy.com/deeplink?id=AVS0Ru3Qe18&mid=47901&murl=https://www.udemy.com/course/chest_and_shoulders/?couponCode=SHOULDERS
English,Scrum Master Certification Exams Simulator 2023 - PSM & CSM,Scrum Master Certification Mock Exams (PSM and CSM) - Multiple Choice and Scenario based questions with detailed answers,IT & Software,Undefined,Super Skills Academy,https://click.linksynergy.com/deeplink?id=AVS0Ru3Qe18&mid=47901&murl=https://www.udemy.com/course/scrum-master-certification-exams-simulator-2023-psm-csm/?couponCode=7C91D36CDFA2727B35AD
English,Complete Guide to Email Marketing & Email Copywriting 2024,"Master Email Marketing & Copywriting: Scale Up Your Campaigns with HQ Templates, Beautiful Designs & Writing Assignments",Business,Undefined,"Ing. Tomas Moravek, Learn Digital Advertising",https://click.linksynergy.com/deeplink?id=AVS0Ru3Qe18&mid=47901&murl=https://www.udemy.com/course/email-marketing-copywriting/?couponCode=HAPPYWOODDRAGON1
English,Complete Google SEO & Copywriting with ChatGPT Course 2024,Elevate SEO Copywriting. Transformative Copywriting and SEO: Charting the Course for 2024's Digital Success with ChatGPT,Business,Undefined,"Ing. Tomas Moravek, Learn Digital Advertising",https://click.linksynergy.com/deeplink?id=AVS0Ru3Qe18&mid=47901&murl=https://www.udemy.com/course/complete-google-seo-chatgpt-course/?couponCode=HAPPYWOODDRAGON1
English,Adobe Illustrator Course For Beginner,Learn Use of Tools for Graphics Design,Design,Undefined,"Ben Kemp, Zechariah Tech",https://click.linksynergy.com/deeplink?id=AVS0Ru3Qe18&mid=47901&murl=https://www.udemy.com/course/adobe-illustrator-course-for-beginner/?couponCode=3F5B8EE46054846BB905
English,IELTS Band 8: IELTS Listening Mastery | IELTS Tenses,"IELTS boost: IELTS Listening, IELTS Tenses course",Teaching & Academics,Undefined,Jackson Kailath,https://click.linksynergy.com/deeplink?id=AVS0Ru3Qe18&mid=47901&murl=https://www.udemy.com/course/ielts-mastery/?couponCode=9F28C2DC9654996873B4
English,"[2024] Vaadin, Spring Boot, JPA and MYSQL","Vaadin 19+, Rest API, Spring Security, Spring, Maven, JPA and Mysql",IT & Software,Undefined,BÙI ĐỨC TRUYỀN,https://click.linksynergy.com/deeplink?id=AVS0Ru3Qe18&mid=47901&murl=https://www.udemy.com/course/building-an-api-application-with-spring-boot-and-vaadin/?couponCode=584B27AEB84E179946E1
English,Learn Blockchain and Crypto from Beginning,The First Steps in Crypto,Finance & Accounting,Undefined,"Manuel Tudu, Zechariah Tech",https://click.linksynergy.com/deeplink?id=AVS0Ru3Qe18&mid=47901&murl=https://www.udemy.com/course/learn-blockchain-and-cryotp-from-beginning/?couponCode=6C1621491D1EFCC2BE87
English,(ISC)2 Certified in Cybersecurity (CC) Practice Exams: Set 2,"4 Practice Exams, 400 Questions, Answers and Explanations covering all domains in the CC exam objectives",IT & Software,Undefined,Robert Karamagi,https://click.linksynergy.com/deeplink?id=AVS0Ru3Qe18&mid=47901&murl=https://www.udemy.com/course/isc2-certified-in-cybersecurity-cc-practice-exams-x/?couponCode=PRESIDENTSDAY
English,Time Management: The Art of Mastering Time,Crafting Your Best Life with Practical Time Management Strategies for Success and Balance.,Personal Development,Undefined,Nitika Verma,https://click.linksynergy.com/deeplink?id=AVS0Ru3Qe18&mid=47901&murl=https://www.udemy.com/course/time-management-the-art-of-mastering-time/?couponCode=TIME10
English,Complete mindfulness and mind training course,Transform Your Life with Mindfulness: Strategies for Stress Reduction and Self-Discovery,Personal Development,Undefined,Nitika Verma,https://click.linksynergy.com/deeplink?id=AVS0Ru3Qe18&mid=47901&murl=https://www.udemy.com/course/complete-mindfulness-and-mind-training-course/?couponCode=MINDFUL
English,AWS EC2 : AWS Certified Solutions Architect - Associate,AWS EC2 for AWS Certified Solutions Architect - Associate: Step-by-Step Guide for Beginners (Non-Native English Speakers,IT & Software,Undefined,Mohammed Asif Khan,https://click.linksynergy.com/deeplink?id=AVS0Ru3Qe18&mid=47901&murl=https://www.udemy.com/course/aws-ec2-aws-certified-solutions-architect-associate/?couponCode=BDC10DF1E860273DC556
English,SEO Strategy 2024. SEO training to TOP rank your website!,Search Engine Optimization course on how to build an effective SEO Strategy and increase your website’s Google rankings,Marketing,Undefined,"Anton Voroniuk, Anton Voroniuk Support, Agnese Repule",https://click.linksynergy.com/deeplink?id=AVS0Ru3Qe18&mid=47901&murl=https://www.udemy.com/course/seo-strategy/?couponCode=FREESEO1902
English,"Learn Html, CSS, JS the hard way: with projects",JavaScript - CSS - HTML - Arrow Functions - CallBack functions - simple functions- let -const -10 project in 10 day,Development,Undefined,"Neamat Andishmand, Neamatullah Ekhteyari",https://click.linksynergy.com/deeplink?id=AVS0Ru3Qe18&mid=47901&murl=https://www.udemy.com/course/the-challenge-quiz-game-with-html-css-js/?couponCode=1A11CE36F581DA8AD33C
English,Python And Flask Demonstrations Practice Course,This course is a Great Practice to both fundamental python programming concepts and the Flask Framework by demonstration,IT & Software,Undefined,Horizon Tech,https://click.linksynergy.com/deeplink?id=AVS0Ru3Qe18&mid=47901&murl=https://www.udemy.com/course/python-and-flask-only-demonstration-course/?couponCode=256EEFFE85179D74B722
English,Creative Brilliance Project Based Professional Photoshop,"Unlock Your Imagination, Master Advanced Techniques, and Create Stunning Visuals with Professional Photoshop Skills",Design,Undefined,Sayman Creative Institute,https://click.linksynergy.com/deeplink?id=AVS0Ru3Qe18&mid=47901&murl=https://www.udemy.com/course/project-based-professional-photoshop/?couponCode=AF09D109C31B4DB6ED80
English,Figma Essential for User Interface and User Experience UI UX,Mastering Your UI/UX Design Skills with Figma's Essential Features,Design,Undefined,Learnify IT,https://click.linksynergy.com/deeplink?id=AVS0Ru3Qe18&mid=47901&murl=https://www.udemy.com/course/figma-essential-for-user-interface-and-user-experience-ui-ux/?couponCode=93A5E01D75FCC663C487
English,How To Start a Youtube Channel: Teach Your Passion,"The Complete Guide to Setting Up Your YouTube Channel, Creating Video Content & Growing Your Audience",Marketing,Undefined,Jewel & Auret,https://click.linksynergy.com/deeplink?id=AVS0Ru3Qe18&mid=47901&murl=https://www.udemy.com/course/how-to-start-a-youtube-channel-with-how-to-tutorial-videos/?couponCode=2FEB2024
English,Webflow for Beginners: Create Your First Website,Create a beautiful and functional website without writing any code,Development,Undefined,Learnify IT,https://click.linksynergy.com/deeplink?id=AVS0Ru3Qe18&mid=47901&murl=https://www.udemy.com/course/webflow-for-beginners-create-your-first-website/?couponCode=559526CB187873D2C897
English,PHP CodeIgniter 4 for 2024: Build Complete Job Portal,Build Complete Job Portal with Admin Panel in PHP CodeIgniter 4 MySQL and Bootstrap and Up your Web Development Skills,Development,Undefined,Web Coding,https://click.linksynergy.com/deeplink?id=AVS0Ru3Qe18&mid=47901&murl=https://www.udemy.com/course/php-codeigniter-4-for-2023-build-complete-job-portal/?couponCode=CIJOBPORTAL34
